{"name":"t:sections.footer.name","type":"footer","sections":{"footer":{"type":"footer","blocks":{"link_list_Myq89J":{"type":"link_list","settings":{"heading":"Customer Care","menu":"footer","width_desktop":4,"width_mobile":"1"}}},"block_order":["link_list_Myq89J"],"settings":{"color_scheme":"accent-1","enable_follow_on_shop":false,"show_social":true,"enable_country_selector":false,"enable_language_selector":false,"payment_enable":false,"enabled_payment_types":"","show_policy":false,"branding_text":"","margin_top":0,"padding_top":32,"padding_bottom":20}}},"order":["footer"]}