{"name":"t:sections.header.name","type":"header","sections":{"announcement-bar":{"type":"announcement-bar","blocks":{"announcement-bar-0":{"type":"announcement","settings":{"text":"Welcome to our store","text_alignment":"center","color_scheme":"accent-1","link":""}}},"block_order":["announcement-bar-0"],"disabled":true,"settings":{}},"2c2ec774-3430-481f-b927-e9c035b9d24e":{"type":"ds-horizontal-ticker","blocks":{"sections--18060430639399__2c2ec774-3430-481f-b927-e9c035b9d24e-1679250655d32e639c-0":{"type":"text","settings":{"title":"50% OFF TODAY ONLY"}},"sections--18060430639399__2c2ec774-3430-481f-b927-e9c035b9d24e-1679250655d32e639c-1":{"type":"text","settings":{"title":"30 DAY MONEYBACK GUARANTEE"}},"sections--18060430639399__2c2ec774-3430-481f-b927-e9c035b9d24e-1679250655d32e639c-2":{"type":"text","settings":{"title":"FREE SHIPPING ON ORDERS $XX+ [UPDATE THIS]"}}},"block_order":["sections--18060430639399__2c2ec774-3430-481f-b927-e9c035b9d24e-1679250655d32e639c-0","sections--18060430639399__2c2ec774-3430-481f-b927-e9c035b9d24e-1679250655d32e639c-1","sections--18060430639399__2c2ec774-3430-481f-b927-e9c035b9d24e-1679250655d32e639c-2"],"settings":{"speed":2.5,"text_spacing":1.5,"text_size":"1.5","italic_text":true,"uppercase_text":true,"bold_text":true,"color_scheme":"inverse","padding_top":16,"padding_bottom":16,"custom_colors_background":"#000000","custom_gradient_background":"","custom_colors_text":"#ffffff"}},"header":{"type":"header","settings":{"sticky_header_type":"none","show_line_separator":true,"color_scheme":"background-2","logo_link":"\/","logo_position":"middle-left","menu":"main-menu","menu_type_desktop":"dropdown","highlight_active_link":true,"highlighted_link_color_scheme":"accent-1","mobile_menu_title":"Menu","secondary_menu":"","menu_color_scheme":"accent-1","mobile_logo_position":"center","display_search":true,"margin_bottom":0,"padding_top":16,"padding_bottom":16}}},"order":["announcement-bar","2c2ec774-3430-481f-b927-e9c035b9d24e","header"]}