{"sections":{"main":{"type":"main-page","disabled":true,"settings":{"padding_top":36,"padding_bottom":36}},"60910267-55e8-4e0d-a9f9-79b26b3533dc":{"type":"rich-text","blocks":{"template--18407212810569__60910267-55e8-4e0d-a9f9-79b26b3533dc-16795881913b1fb5f3-0":{"type":"heading","settings":{"heading":"<p>Get in Touch with Us<\/p>","heading_size":"h1"}},"template--18407212810569__60910267-55e8-4e0d-a9f9-79b26b3533dc-16795881913b1fb5f3-1":{"type":"text","settings":{"text":"<h4>Have questions or need assistance? We’re here to help! Whether it’s about your order, our products, or just general inquiries, feel free to reach out. Simply fill out the form below, and our friendly customer support team will get back to you within 24-48 hours.<\/h4>"}}},"block_order":["template--18407212810569__60910267-55e8-4e0d-a9f9-79b26b3533dc-16795881913b1fb5f3-0","template--18407212810569__60910267-55e8-4e0d-a9f9-79b26b3533dc-16795881913b1fb5f3-1"],"settings":{"desktop_content_position":"center","content_alignment":"center","color_scheme":"custom","full_width":true,"padding_top":44,"padding_bottom":24,"custom_colors_background":"#121212","custom_gradient_background":"","custom_colors_text":"#ffffff","custom_colors_solid_button_background":"#ffffff","custom_colors_solid_button_text":"#ffffff"}},"form":{"type":"contact-form","settings":{"heading":"","heading_size":"h2","button_full_width":true,"color_scheme":"custom","padding_top":32,"padding_bottom":32,"custom_colors_background":"#121212","custom_gradient_background":"","custom_colors_text":"#f3f3f3","custom_colors_solid_button_background":"#ffffff","custom_colors_solid_button_text":"#121212"}}},"order":["main","60910267-55e8-4e0d-a9f9-79b26b3533dc","form"]}