{"sections":{"main":{"type":"main-page","disabled":true,"settings":{"padding_top":28,"padding_bottom":28}},"collapsible_content_mzEJi8":{"type":"collapsible-content","blocks":{"collapsible_row_gQD36C":{"type":"collapsible_row","settings":{"heading":"What is your return policy?","icon":"none","row_content":"<h4>We offer a 30-day hassle-free return policy. If you’re not completely satisfied with your purchase, simply contact us to initiate a return or exchange. Items must be unused, with tags attached, and in their original packaging.<\/h4>","page":""}},"collapsible_row_afc7Ex":{"type":"collapsible_row","settings":{"heading":"What payment methods do you accept?","icon":"none","row_content":"<h4>We accept all major credit cards, PayPal, Apple Pay, and Google Pay. Our checkout is secure and encrypted for your safety.<\/h4>","page":""}},"collapsible_row_heaMeN":{"type":"collapsible_row","settings":{"heading":"Can I modify or cancel my order after placing it?","icon":"none","row_content":"<h4>If you need to make changes or cancel your order, please contact us within 12 hours of placing it. Once the order is processed, modifications may not be possible.<\/h4>","page":""}},"collapsible_row_L6CXmH":{"type":"collapsible_row","settings":{"heading":"Do you ship internationally?","icon":"none","row_content":"<h4>Yes, we ship to many countries worldwide. Shipping costs and delivery times for international orders are calculated at checkout.<\/h4>","page":""}},"collapsible_row_gbVeRV":{"type":"collapsible_row","settings":{"heading":"How long does shipping take?","icon":"none","row_content":"<h4>Orders are typically processed within 1-2 business days. Shipping times vary based on your location, but most customers receive their orders within 5-7 business days. Expedited shipping options are also available at checkout.<\/h4>","page":""}},"collapsible_row_C7jWVh":{"type":"collapsible_row","settings":{"heading":"Do you offer free shipping?","icon":"none","row_content":"<h4>Yes! We provide free shipping on all orders over $50. For orders below $50, standard shipping rates apply.<\/h4><p><\/p>","page":""}},"collapsible_row_yXeCzB":{"type":"collapsible_row","settings":{"heading":"Can I track my order?","icon":"none","row_content":"<h4>Absolutely! Once your order is shipped, you’ll receive a tracking number via email. Use this number to track your package on our website or the carrier’s website.<\/h4>","page":""}},"collapsible_row_HzeCBM":{"type":"collapsible_row","settings":{"heading":"How do I find my size?","icon":"none","row_content":"<h4>We include a detailed size guide on each product page. For additional help, check out our \"How to Measure\" guide or contact us—we’re happy to assist!<\/h4>","page":""}}},"block_order":["collapsible_row_gQD36C","collapsible_row_afc7Ex","collapsible_row_heaMeN","collapsible_row_L6CXmH","collapsible_row_gbVeRV","collapsible_row_C7jWVh","collapsible_row_yXeCzB","collapsible_row_HzeCBM"],"settings":{"caption":"","heading":"FAQ","heading_size":"h1","heading_alignment":"center","layout":"none","color_scheme":"background-1","container_color_scheme":"background-2","open_first_collapsible_row":false,"image_ratio":"adapt","desktop_layout":"image_second","padding_top":36,"padding_bottom":36,"custom_colors_background":"#ffffff","custom_gradient_background":"","custom_colors_text":"#2e2a39","custom_contaner_colors_background":"#ffffff","custom_container_gradient_background":"","custom_contaner_colors_text":"#2e2a39"}}},"order":["main","collapsible_content_mzEJi8"]}