{"sections":{"related-products":{"type":"related-products","disabled":true,"settings":{"heading":"You may also like","heading_size":"h2","products_to_show":4,"columns_desktop":4,"color_scheme":"scheme-1","image_ratio":"square","image_shape":"default","show_secondary_image":true,"show_vendor":false,"show_rating":false,"columns_mobile":"2","padding_top":36,"padding_bottom":28}},"main":{"type":"main-product","blocks":{"rating_stars_KqJMmE":{"type":"rating_stars","settings":{"rating":4.8,"star_color":"#ffcc00","bg_stars_style":"full","bg_star_color":"#ececec","label":"Rated 4.8\/5 (10,000+ Verified Customers)","size":12,"alignment":"flex-start","margin_top":0,"margin_bottom":12}},"title":{"type":"title","settings":{"text_size":"h0","title_alignment":"left","uppercase_title":false,"margin_top":0,"margin_bottom":3}},"price":{"type":"price","settings":{"layout":"price_second","price_color":"accent-1","compare_price_color":"accent-1","hide_sale_badge":true,"margin_top":15,"margin_bottom":0}},"emoji_benefits_xFGiTn":{"type":"emoji_benefits","settings":{"benefits":"<p>👽 Emoji 1 with feature 1 (1 sentence, fits on one line)<\/p><p>👽 Emoji 2 with feature 2 (1 sentence, fits on one line)<\/p><p>👽 Emoji 3 with feature 3 (1 sentence, fits on one line)<\/p>","margin_top":0,"margin_bottom":0}},"variant_picker":{"type":"variant_picker","settings":{"picker_types":"swatches, pills","custom_labels":"[name]","swatches_custom_colors":"image_alt","swatches_custom_colors_list":"#000000, #D1DD1D, #0000FF, #FFCC00","margin_top":0,"margin_bottom":0}},"quantity_selector":{"type":"quantity_selector","disabled":true,"settings":{"enable_quantity_discounts":true,"headline":"50% OFF TODAY ONLY","preselected":"option_1","display_badge":"option_2","badge_text":"Most Popular","enable_variant_selectors":true,"color_scheme":"outline-button","option_1_quantity":1,"option_1_label":"","option_1_benefit":"","option_1_caption":"","option_1_percentage_off_text":"","option_1_fixed_amount_off":"0","option_1_compare_price":"price","option_2_quantity":3,"option_2_label":"Buy 2, Get 1 FREE","option_2_benefit":"Free Shipping","option_2_caption":"","option_2_percentage_off_text":"","option_2_fixed_amount_off":"24.9","option_2_compare_price":"compare_price","option_3_quantity":5,"option_3_label":"Buy 3, Get 2 FREE","option_3_benefit":"Free Shipping","option_3_caption":"","option_3_percentage_off_text":"0","option_3_fixed_amount_off":"49.8","option_3_compare_price":"compare_price","option_4_quantity":0,"option_4_label":"","option_4_benefit":"","option_4_caption":"","option_4_percentage_off_text":"","option_4_fixed_amount_off":"","option_4_compare_price":"compare_price","margin_top":6,"margin_bottom":0}},"buy_buttons":{"type":"buy_buttons","settings":{"show_dynamic_checkout":false,"skip_cart":false,"uppercase_text":false,"enable_custom_color":false,"custom_color":"#6d388b","margin_top":0,"margin_bottom":0,"alignment":"center"}},"icon_with_text_w7ha4y":{"type":"icon-with-text","settings":{"layout":"horizontal","icon_size":"small","icon_1":"truck","heading_1":"Free Shipping","icon_2":"heart","heading_2":"30 Day Guarantee","icon_3":"chat_bubble","heading_3":"24\/7 Support","margin_top":0,"margin_bottom":0}},"sticky_atc_xbBkLM":{"type":"sticky_atc","settings":{"function":"add_to_cart","display_when":"after_scroll","color_scheme":"background-1","button_label":"Add to cart","enable_custom_btn_color":true,"custom_btn_color":"#bb7eeb","show_price_badge":true,"show_variant_picker":true,"desktop_show_title":true,"desktop_show_price":true,"mobile_show_title":true,"mobile_show_price":true}},"payment_badges_NNJJTd":{"type":"payment_badges","disabled":true,"settings":{"enabled_payment_types":"american_express, apple_pay, bitcoin, google_pay, ideal, jcb, klarna, litecoin, maestro, master, paypal, shopify_pay, sofort, unionpay, visa","margin_top":6,"margin_bottom":6}},"estimated_shipping_jccxdG":{"type":"estimated_shipping","disabled":true,"settings":{"display_icon":true,"icon_size":"small","icon_alignment":"middle","message":"<p>Get it between <strong>[start_date]<\/strong> and <strong>[end_date]<\/strong>.<\/p>","min_shipping_days":15,"max_shipping_days":30,"date_format":"day_mm_dd","days_labels":"Monday, Tuesday, Wednesday, Thursday, Friday, Saturday, Sunday","months_labels":"January, February, March, April, May, June, July, August, September, October, November, December","margin_top":15,"margin_bottom":15}},"reviews_wbqVgr":{"type":"reviews","settings":{"display_stars":true,"star_color":"#ffcc00","avatar_alignment":"top","author_1":"Name, Location","text_1":"<p><em>\"1-2 sentence review here, italicize the text!\"<\/em><\/p>","author_2":"Name, Location","text_2":"<p><em>\"1-2 sentence review here, italicize the text!\"<\/em><\/p>","author_3":"Name, Location","text_3":"<p><em>\"1-2 sentence review here, italicize the text!\"<\/em><\/p>","margin_top":0,"margin_bottom":18}},"collapsible_tab_6mMkwr":{"type":"collapsible_tab","settings":{"heading":"How It Works [update to size guide for clothing]","icon":"question_mark","content":"","page":"","margin_top":0,"margin_bottom":0}},"collapsible_tab_TiKN9g":{"type":"collapsible_tab","settings":{"heading":"Our Guarantee","icon":"heart","content":"<p>If you're not 100% satisfied within the first 60 days, just send it back to us and we'll give you a full refund.<\/p><p>No need to worry about the return shipping - we've got you covered!<\/p>","page":"","margin_top":0,"margin_bottom":0}},"collapsible_tab_KBWQmp":{"type":"collapsible_tab","settings":{"heading":"Shipping & Delivery","icon":"truck","content":"<p>We process orders within 24-72 hours and deliver them within 6-15 days depending on your location, with tracked shipment included for your convenience.<\/p>","page":"","margin_top":0,"margin_bottom":0}}},"block_order":["rating_stars_KqJMmE","title","price","emoji_benefits_xFGiTn","variant_picker","quantity_selector","buy_buttons","icon_with_text_w7ha4y","sticky_atc_xbBkLM","payment_badges_NNJJTd","estimated_shipping_jccxdG","reviews_wbqVgr","collapsible_tab_6mMkwr","collapsible_tab_TiKN9g","collapsible_tab_KBWQmp"],"settings":{"enable_sticky_info":true,"display_variant_image_first":true,"disable_prepend":false,"media_size":"small","constrain_to_viewport":false,"media_fit":"cover","gallery_layout":"thumbnail_slider","media_position":"left","image_zoom":"none","hide_variants":false,"desktop_thumbnails_count":4,"video_player":"play_btn","enable_video_looping":false,"autoplay_videos_pause_btn":true,"play_btn_color_scheme":"background-1","mobile_thumbnails":"show","mobile_media_corner_radius":0,"mobile_spacing":true,"mobile_preview_media":true,"mobile_thumbnails_count":5,"mobile_pagination":"dots_under","hide_arrows":true,"dots_color_scheme":"inverse","trust_badge_position":"top-right","trust_badge_size":"small","mobile_padding_top":0,"mobile_padding_bottom":100,"desktop_padding_top":32,"desktop_padding_bottom":32}},"image_with_text_6NJQ98":{"type":"image-with-text","blocks":{"heading_hJVTy3":{"type":"heading","settings":{"heading":"Headline with main benefit 1","heading_size":"h1"}},"text_apQhMK":{"type":"text","settings":{"text":"<p>Paragraph (2-3 sentence) explaining main benefit 1<\/p><p>Split text into 2 sections & <strong>bold <\/strong>some words.<\/p>","text_style":"body"}}},"block_order":["heading_hJVTy3","text_apQhMK"],"name":"t:sections.image-with-text.presets.name","settings":{"height":"adapt","desktop_image_width":"medium","layout":"text_first","desktop_content_position":"middle","desktop_content_alignment":"center","content_layout":"no-overlap","section_color_scheme":"","color_scheme":"","image_behavior":"none","mobile_content_alignment":"center","padding_top":36,"padding_bottom":36}},"multicolumn_GqbapF":{"type":"multicolumn","blocks":{"column_yWd3Bx":{"type":"column","settings":{"title":"<strong>Micro Benefit 1 [update]<\/strong>","text":"<p>Benefit 1 with 2 short sentences explaining it.<\/p>","link_label":"","link":""}},"column_CxjbxL":{"type":"column","settings":{"title":"<strong>Micro Benefit 2 [update]<\/strong>","text":"<p>Benefit 1 with 2 short sentences explaining it.<\/p>","link_label":"","link":""}},"column_dJ3h4L":{"type":"column","settings":{"title":"<strong>Micro Benefit 3 [update]<\/strong>","text":"<p>Benefit 1 with 2 short sentences explaining it.<\/p>","link_label":"","link":""}}},"block_order":["column_yWd3Bx","column_CxjbxL","column_dJ3h4L"],"name":"t:sections.multicolumn.presets.name","settings":{"title":"<strong>Customers Love Our Product!<\/strong>","heading_size":"h1","image_width":"full","image_ratio":"adapt","columns_desktop":3,"column_alignment":"center","background_style":"primary","button_label":"","button_link":"","color_scheme":"scheme-3","columns_mobile":"1","swipe_on_mobile":false,"padding_top":36,"padding_bottom":36}},"image_with_text_8wqzxh":{"type":"image-with-text","blocks":{"heading_MGgztr":{"type":"heading","settings":{"heading":"Headline explaining how to use","heading_size":"h1"}},"text_KpKUUF":{"type":"text","settings":{"text":"<p>Paragraph (2-3 sentence) explaining how to use<\/p>","text_style":"body"}}},"block_order":["heading_MGgztr","text_KpKUUF"],"name":"t:sections.image-with-text.presets.name","settings":{"height":"adapt","desktop_image_width":"medium","layout":"image_first","desktop_content_position":"middle","desktop_content_alignment":"center","content_layout":"no-overlap","section_color_scheme":"","color_scheme":"","image_behavior":"none","mobile_content_alignment":"left","padding_top":36,"padding_bottom":36}},"results_bTnYR4":{"type":"results","blocks":{"row_VPaDh3":{"type":"row","settings":{"percentage":94,"row_text":"<p>said ___________________<\/p>"}},"row_9JBPWD":{"type":"row","settings":{"percentage":96,"row_text":"<p>said ___________________<\/p>"}},"row_Gzyxpt":{"type":"row","settings":{"percentage":95,"row_text":"<p>said ___________________<\/p>"}}},"block_order":["row_VPaDh3","row_9JBPWD","row_Gzyxpt"],"settings":{"title":"Headline with results sliders","heading_size":"h1","text":"<p>Paragraph (2-3 sentence) explaining the headline<\/p>","color_scheme":"custom","layout":"results_second","results_headline":"","results_headline_size":"h3","results_headline_alignment":"left","caption":"","button_label":"","link":"","button_style_secondary":false,"padding_top":24,"padding_bottom":24,"custom_colors_background":"#ffffff","custom_gradient_background":"","custom_colors_text":"#2e2a39","custom_colors_accent":"#000000","custom_colors_solid_button_background":"#000000","custom_colors_solid_button_text":"#dd1d1d","custom_colors_outline_button":"#dd1d1d"}},"rich_text_d7MAiq":{"type":"rich-text","blocks":{"heading_ajHh4i":{"type":"heading","settings":{"heading":"<p><strong>30-Money-Back Guarantee!<\/strong><\/p>","heading_size":"h1"}},"text_Vrfa8P":{"type":"text","settings":{"text":"<p>We stand by our products with a 30-day risk-free guarantee. If you're not completely thrilled with your order, simply return it for a full refund (no questions asked)<\/p>"}}},"block_order":["heading_ajHh4i","text_Vrfa8P"],"name":"t:sections.rich-text.presets.name","settings":{"desktop_content_position":"center","content_alignment":"center","color_scheme":"accent-1","full_width":true,"padding_top":40,"padding_bottom":52,"custom_colors_background":"#ffffff","custom_gradient_background":"","custom_colors_text":"#2e2a39","custom_colors_solid_button_background":"#dd1d1d","custom_colors_solid_button_text":"#ffffff"}},"ds_testimonials_i86BLn":{"type":"ds-testimonials","blocks":{"column_YyHMKP":{"type":"column","settings":{"title":"Review title [update]","text":"<p><em>\"Review goes here, italicized\"<\/em><\/p>","author":"Name, Location"}},"column_ENbtbz":{"type":"column","settings":{"title":"Review title [update]","text":"<p><em>\"Review goes here, italicized\"<\/em><\/p>","author":"Name, Location"}},"column_Xj89MC":{"type":"column","settings":{"title":"Review title [update]","text":"<p><em>\"Review goes here, italicized\"<\/em><\/p>","author":"Name, Location"}}},"block_order":["column_YyHMKP","column_ENbtbz","column_Xj89MC"],"settings":{"title":"What Customers Are Raving About!","heading_size":"h1","text":"","image_width":"third","image_ratio":"circle","columns_desktop":3,"slider_preview":true,"column_alignment":"center","show_stars":false,"stars_color":"#ffd700","show_quotes":false,"quotes_color_scheme":"background-1","background_style":"primary","color_scheme":"background-1","padding_top":36,"padding_bottom":36,"custom_colors_background":"#ffffff","custom_gradient_background":"","custom_colors_text":"#121212"}},"collapsible_content_ea4B3M":{"type":"collapsible-content","blocks":{"collapsible_row_C4HfAy":{"type":"collapsible_row","settings":{"heading":"Question 1","icon":"question_mark","row_content":"","page":""}},"collapsible_row_AM8jDJ":{"type":"collapsible_row","settings":{"heading":"Question 2","icon":"question_mark","row_content":"","page":""}},"collapsible_row_Q6JFkU":{"type":"collapsible_row","settings":{"heading":"Question 3","icon":"question_mark","row_content":"","page":""}},"collapsible_row_DrfanL":{"type":"collapsible_row","settings":{"heading":"Question 4","icon":"question_mark","row_content":"","page":""}},"collapsible_row_FNhWCy":{"type":"collapsible_row","settings":{"heading":"How fast is shipping?","icon":"question_mark","row_content":"","page":""}},"collapsible_row_zywbhz":{"type":"collapsible_row","settings":{"heading":"How do I get in contact?","icon":"question_mark","row_content":"","page":""}}},"block_order":["collapsible_row_C4HfAy","collapsible_row_AM8jDJ","collapsible_row_Q6JFkU","collapsible_row_DrfanL","collapsible_row_FNhWCy","collapsible_row_zywbhz"],"name":"t:sections.collapsible_content.presets.name","settings":{"caption":"Frequently Asked Questions","heading":"FAQ","heading_size":"h1","heading_alignment":"center","layout":"none","color_scheme":"background-2","container_color_scheme":"background-2","open_first_collapsible_row":false,"image_ratio":"adapt","desktop_layout":"image_second","padding_top":36,"padding_bottom":36,"custom_colors_background":"#ffffff","custom_gradient_background":"","custom_colors_text":"#2e2a39","custom_contaner_colors_background":"#ffffff","custom_container_gradient_background":"","custom_contaner_colors_text":"#2e2a39"}},"ds_icon_bar_jE6Bhj":{"type":"ds-icon-bar","blocks":{"column_ziFLGe":{"type":"column","settings":{"icon":"truck","title":"Free Shipping","text":""}},"column_7LeRqb":{"type":"column","settings":{"icon":"heart","title":"100% Satisfaction Guarantee","text":""}},"column_tmRmih":{"type":"column","settings":{"icon":"chat_bubble","title":"24\/7 Customer Support","text":""}},"column_UPew8x":{"type":"column","settings":{"icon":"lock","title":"Secure Payments","text":""}}},"block_order":["column_ziFLGe","column_7LeRqb","column_tmRmih","column_UPew8x"],"settings":{"title":"Why Choose Us","heading_size":"h2","text":"","icon_size":"small","columns_desktop":4,"icon_color":"accent-1","background_style":"none","color_scheme":"background-1","columns_mobile":"1","swipe_on_mobile":false,"padding_top":56,"padding_bottom":56,"custom_colors_background":"#f3f3f3","custom_gradient_background":"","custom_colors_text":"#2e2a39"}},"wd_section_divider_7abG8W":{"type":"wd-section-divider","name":"t:sections.section-divider.name","settings":{"divider_shape":"wavy","divider_color_top":"#ffffff","divider_color_bottom":"#000000","padding_top_desktop":40,"padding_bottom_desktop":40,"padding_top_mobile":40,"padding_bottom_mobile":40,"margin_top":0,"margin_bottom":0,"max_height_desktop":100,"max_height_mobile":100}}},"order":["related-products","main","image_with_text_6NJQ98","multicolumn_GqbapF","image_with_text_8wqzxh","results_bTnYR4","rich_text_d7MAiq","ds_testimonials_i86BLn","collapsible_content_ea4B3M","ds_icon_bar_jE6Bhj","wd_section_divider_7abG8W"]}